{"total": 157912, "3": {"count": 2003, "percentage": 0.012684279852069507}, "38": {"count": 3439, "percentage": 0.02177795227721769}, "1": {"count": 123518, "percentage": 0.7821951466639647}, "2": {"count": 16574, "percentage": 0.10495719134707938}, "19": {"count": 6197, "percentage": 0.039243376057551044}, "76": {"count": 51, "percentage": 0.0003229646891939815}, "40": {"count": 163, "percentage": 0.0010322204772278232}, "4": {"count": 2155, "percentage": 0.013646841278686863}, "20": {"count": 2045, "percentage": 0.012950250772582198}, "22": {"count": 16, "percentage": 0.00010132225543340594}, "12": {"count": 49, "percentage": 0.0003102994072648057}, "6": {"count": 535, "percentage": 0.0033879629160545113}, "5": {"count": 269, "percentage": 0.0017034804194741376}, "21": {"count": 117, "percentage": 0.000740918992856781}, "14": {"count": 6, "percentage": 3.799584578752723e-05}, "41": {"count": 12, "percentage": 7.599169157505446e-05}, "8": {"count": 207, "percentage": 0.0013108566796696895}, "57": {"count": 134, "percentage": 0.0008485738892547748}, "39": {"count": 119, "percentage": 0.0007535842747859568}, "58": {"count": 15, "percentage": 9.498961446881808e-05}, "95": {"count": 7, "percentage": 4.43284867521151e-05}, "9": {"count": 57, "percentage": 0.0003609605349815087}, "7": {"count": 57, "percentage": 0.0003609605349815087}, "15": {"count": 7, "percentage": 4.43284867521151e-05}, "10": {"count": 44, "percentage": 0.00027863620244186635}, "44": {"count": 1, "percentage": 6.3326409645878715e-06}, "11": {"count": 12, "percentage": 7.599169157505446e-05}, "60": {"count": 12, "percentage": 7.599169157505446e-05}, "24": {"count": 7, "percentage": 4.43284867521151e-05}, "13": {"count": 10, "percentage": 6.332640964587871e-05}, "42": {"count": 5, "percentage": 3.1663204822939356e-05}, "35": {"count": 1, "percentage": 6.3326409645878715e-06}, "25": {"count": 9, "percentage": 5.699376868129085e-05}, "23": {"count": 11, "percentage": 6.965905061046659e-05}, "61": {"count": 2, "percentage": 1.2665281929175743e-05}, "59": {"count": 3, "percentage": 1.8997922893763616e-05}, "77": {"count": 9, "percentage": 5.699376868129085e-05}, "29": {"count": 5, "percentage": 3.1663204822939356e-05}, "99": {"count": 1, "percentage": 6.3326409645878715e-06}, "96": {"count": 4, "percentage": 2.5330563858351486e-05}, "16": {"count": 6, "percentage": 3.799584578752723e-05}, "114": {"count": 2, "percentage": 1.2665281929175743e-05}, "80": {"count": 1, "percentage": 6.3326409645878715e-06}, "66": {"count": 1, "percentage": 6.3326409645878715e-06}, "26": {"count": 2, "percentage": 1.2665281929175743e-05}, "28": {"count": 1, "percentage": 6.3326409645878715e-06}, "27": {"count": 2, "percentage": 1.2665281929175743e-05}, "62": {"count": 1, "percentage": 6.3326409645878715e-06}, "133": {"count": 1, "percentage": 6.3326409645878715e-06}, "18": {"count": 2, "percentage": 1.2665281929175743e-05}, "115": {"count": 1, "percentage": 6.3326409645878715e-06}, "30": {"count": 2, "percentage": 1.2665281929175743e-05}, "43": {"count": 1, "percentage": 6.3326409645878715e-06}, "97": {"count": 1, "percentage": 6.3326409645878715e-06}}