{"total": 161165, "3": {"count": 2054, "proportion": 0.012744702633946576}, "0": {"count": 12336, "proportion": 0.07654267365743182}, "1": {"count": 126313, "proportion": 0.7837495734185462}, "2": {"count": 16963, "proportion": 0.10525238110011478}, "4": {"count": 2192, "proportion": 0.01360096795209878}, "12": {"count": 49, "proportion": 0.0003040362361554928}, "6": {"count": 546, "proportion": 0.0033878323457326343}, "5": {"count": 280, "proportion": 0.0017373499208885304}, "14": {"count": 6, "proportion": 3.7228926876182796e-05}, "8": {"count": 210, "proportion": 0.0013030124406663978}, "9": {"count": 58, "proportion": 0.00035987962646976703}, "7": {"count": 60, "proportion": 0.00037228926876182794}, "15": {"count": 7, "proportion": 4.343374802221326e-05}, "10": {"count": 49, "proportion": 0.0003040362361554928}, "11": {"count": 12, "proportion": 7.445785375236559e-05}, "20": {"count": 8, "proportion": 4.9638569168243726e-05}, "13": {"count": 10, "proportion": 6.204821146030466e-05}, "16": {"count": 7, "proportion": 4.343374802221326e-05}, "28": {"count": 1, "proportion": 6.204821146030466e-06}, "18": {"count": 2, "proportion": 1.2409642292060932e-05}, "30": {"count": 2, "proportion": 1.2409642292060932e-05}}