{"total": 128730, "1": {"count": 118901, "proportion": 0.9236463916724929}, "2": {"count": 8048, "proportion": 0.0625184494678785}, "3": {"count": 1258, "proportion": 0.009772391827856754}, "4": {"count": 358, "proportion": 0.0027810145265283926}, "5": {"count": 111, "proportion": 0.0008622698671638312}, "6": {"count": 43, "proportion": 0.0003340324710634662}, "7": {"count": 8, "proportion": 6.214557601180766e-05}, "8": {"count": 1, "proportion": 7.768197001475958e-06}, "9": {"count": 2, "proportion": 1.5536394002951916e-05}}